{
  "precision_bad": 0.4142857142857143,
  "recall_bad": 0.4603174603174603,
  "f1_bad": 0.43609022556390975,
  "confusion_matrix": [
    [
      113,
      41
    ],
    [
      34,
      29
    ]
  ],
  "threshold": -0.08135219624206247
}