{
  "precision_bad": 0.4970414201183432,
  "recall_bad": 0.45901639344262296,
  "f1_bad": 0.4772727272727273,
  "confusion_matrix": [
    [
      386,
      85
    ],
    [
      99,
      84
    ]
  ],
  "threshold": -0.07405747372651879
}